id,firstname,lastname,email,profession
100,Cherrita,Sophronia,Cherrita.Sophronia@yopmail.com,developer
101,Alyssa,Georas,Alyssa.Georas@yopmail.com,police officer
102,Morganica,Olnee,Morganica.Olnee@yopmail.com,worker
103,Susette,Meter,Susette.Meter@yopmail.com,police officer
104,Larine,Jarib,Larine.Jarib@yopmail.com,police officer
105,Allyce,Hazlett,Allyce.Hazlett@yopmail.com,firefighter
106,Doralynne,Henebry,Doralynne.Henebry@yopmail.com,police officer
107,Lusa,Baylor,Lusa.Baylor@yopmail.com,developer
108,Viki,Mendez,Viki.Mendez@yopmail.com,police officer
109,Paulita,Gaulin,Paulita.Gaulin@yopmail.com,firefighter
110,Rosabelle,Kamaria,Rosabelle.Kamaria@yopmail.com,doctor
111,Gisela,Hunfredo,Gisela.Hunfredo@yopmail.com,worker
112,Gaylene,Garek,Gaylene.Garek@yopmail.com,doctor
113,Anestassia,Hathaway,Anestassia.Hathaway@yopmail.com,developer
114,Mamie,Zenas,Mamie.Zenas@yopmail.com,firefighter
115,Britte,Naashom,Britte.Naashom@yopmail.com,worker
116,Kerrin,Alabaster,Kerrin.Alabaster@yopmail.com,doctor
117,Lynde,Bahr,Lynde.Bahr@yopmail.com,firefighter
118,Millie,Glovsky,Millie.Glovsky@yopmail.com,doctor
119,Roxane,Rebecka,Roxane.Rebecka@yopmail.com,developer
120,Peri,Wesle,Peri.Wesle@yopmail.com,worker
121,Ruthe,Mauer,Ruthe.Mauer@yopmail.com,doctor
122,Camile,Edison,Camile.Edison@yopmail.com,doctor
123,Joceline,Drus,Joceline.Drus@yopmail.com,developer
124,Leona,Bearnard,Leona.Bearnard@yopmail.com,firefighter
125,Eadie,Kimmie,Eadie.Kimmie@yopmail.com,worker
126,Feliza,Melan,Feliza.Melan@yopmail.com,developer
127,Celestyna,Kat,Celestyna.Kat@yopmail.com,police officer
128,Alleen,Alice,Alleen.Alice@yopmail.com,doctor
129,Jolyn,Poppy,Jolyn.Poppy@yopmail.com,developer
130,Gertrud,Ortrude,Gertrud.Ortrude@yopmail.com,worker
131,Ana,Etom,Ana.Etom@yopmail.com,doctor
132,Raf,Kevon,Raf.Kevon@yopmail.com,worker
133,Orelia,Saint,Orelia.Saint@yopmail.com,doctor
134,Arabel,Stoller,Arabel.Stoller@yopmail.com,police officer
135,Kassey,Liva,Kassey.Liva@yopmail.com,firefighter
136,Elka,Shaver,Elka.Shaver@yopmail.com,firefighter
137,Lorenza,Genna,Lorenza.Genna@yopmail.com,firefighter
138,Kial,Telfer,Kial.Telfer@yopmail.com,police officer
139,Christy,Winthorpe,Christy.Winthorpe@yopmail.com,worker
140,Valeda,Iphlgenia,Valeda.Iphlgenia@yopmail.com,police officer
141,Louella,Anyah,Louella.Anyah@yopmail.com,developer
142,Jobi,Rugen,Jobi.Rugen@yopmail.com,worker
143,Wendi,Stevy,Wendi.Stevy@yopmail.com,police officer
144,Sissy,Minetta,Sissy.Minetta@yopmail.com,doctor
145,Janey,Masao,Janey.Masao@yopmail.com,doctor
146,Dulcinea,Sprage,Dulcinea.Sprage@yopmail.com,police officer
147,Carly,Malanie,Carly.Malanie@yopmail.com,firefighter
148,Kathi,Kussell,Kathi.Kussell@yopmail.com,doctor
149,Beth,Lewes,Beth.Lewes@yopmail.com,firefighter
150,Gwenneth,Toor,Gwenneth.Toor@yopmail.com,worker
151,Jere,Poppy,Jere.Poppy@yopmail.com,police officer
152,Caritta,Junie,Caritta.Junie@yopmail.com,worker
153,Tamqrah,Emmaline,Tamqrah.Emmaline@yopmail.com,worker
154,Vevay,Schwejda,Vevay.Schwejda@yopmail.com,developer
155,Georgina,Frodi,Georgina.Frodi@yopmail.com,developer
156,Mureil,Lamoree,Mureil.Lamoree@yopmail.com,police officer
157,Codie,Naashom,Codie.Naashom@yopmail.com,police officer
158,Carmela,Barbey,Carmela.Barbey@yopmail.com,doctor
159,Theodora,Leary,Theodora.Leary@yopmail.com,firefighter
160,Lila,Freddi,Lila.Freddi@yopmail.com,doctor
161,Vonny,Ax,Vonny.Ax@yopmail.com,worker
162,Cristine,Levey,Cristine.Levey@yopmail.com,firefighter
163,Lita,Billye,Lita.Billye@yopmail.com,police officer
164,Nessie,Koehler,Nessie.Koehler@yopmail.com,developer
165,Karly,Aaberg,Karly.Aaberg@yopmail.com,doctor
166,Louella,Edvard,Louella.Edvard@yopmail.com,developer
167,Talya,Agle,Talya.Agle@yopmail.com,doctor
168,Kimmy,Buttaro,Kimmy.Buttaro@yopmail.com,developer
169,Berget,Wareing,Berget.Wareing@yopmail.com,police officer
170,Christy,Morgun,Christy.Morgun@yopmail.com,police officer
171,Sindee,Kiersten,Sindee.Kiersten@yopmail.com,firefighter
172,Claudina,Hillel,Claudina.Hillel@yopmail.com,police officer
173,Mady,Beniamino,Mady.Beniamino@yopmail.com,firefighter
174,Queenie,Emmaline,Queenie.Emmaline@yopmail.com,firefighter
175,Elie,Halsey,Elie.Halsey@yopmail.com,worker
176,Marti,Zitvaa,Marti.Zitvaa@yopmail.com,police officer
177,Maridel,Donoghue,Maridel.Donoghue@yopmail.com,developer
178,Meg,Shirberg,Meg.Shirberg@yopmail.com,worker
179,Shauna,Berriman,Shauna.Berriman@yopmail.com,doctor
180,Kial,Nea,Kial.Nea@yopmail.com,developer
181,Pearline,Bearnard,Pearline.Bearnard@yopmail.com,firefighter
182,Annecorinne,Strephon,Annecorinne.Strephon@yopmail.com,firefighter
183,Margarette,Anestassia,Margarette.Anestassia@yopmail.com,police officer
184,Kial,Sancho,Kial.Sancho@yopmail.com,developer
185,Janenna,Janith,Janenna.Janith@yopmail.com,police officer
186,Therine,Granoff,Therine.Granoff@yopmail.com,doctor
187,Elvira,Ackerley,Elvira.Ackerley@yopmail.com,police officer
188,Louella,Ailyn,Louella.Ailyn@yopmail.com,worker
189,Blinni,Velick,Blinni.Velick@yopmail.com,developer
190,Penelopa,Philoo,Penelopa.Philoo@yopmail.com,doctor
191,Darlleen,Stilwell,Darlleen.Stilwell@yopmail.com,developer
192,Philis,Posner,Philis.Posner@yopmail.com,firefighter
193,Dagmar,Nikaniki,Dagmar.Nikaniki@yopmail.com,doctor
194,Halette,Bonucci,Halette.Bonucci@yopmail.com,worker
195,Imojean,Wenoa,Imojean.Wenoa@yopmail.com,firefighter
196,Maridel,Lubin,Maridel.Lubin@yopmail.com,developer
197,Sue,Braun,Sue.Braun@yopmail.com,developer
198,Adele,Corrine,Adele.Corrine@yopmail.com,doctor
199,Christy,Bennie,Christy.Bennie@yopmail.com,developer
200,Sean,Urania,Sean.Urania@yopmail.com,police officer
201,Carly,Viddah,Carly.Viddah@yopmail.com,doctor
202,Adele,Wooster,Adele.Wooster@yopmail.com,police officer
203,Kerrin,Candy,Kerrin.Candy@yopmail.com,worker
204,Juliane,Blake,Juliane.Blake@yopmail.com,firefighter
205,Sabina,Rossner,Sabina.Rossner@yopmail.com,worker
206,Bee,Gabrielli,Bee.Gabrielli@yopmail.com,developer
207,Caritta,Chinua,Caritta.Chinua@yopmail.com,doctor
208,Althea,Jehu,Althea.Jehu@yopmail.com,firefighter
209,Annabela,Frendel,Annabela.Frendel@yopmail.com,police officer
210,Marnia,Gino,Marnia.Gino@yopmail.com,worker
211,Donnie,Kussell,Donnie.Kussell@yopmail.com,worker
212,Calla,Shaver,Calla.Shaver@yopmail.com,police officer
213,Dulcinea,Hachmin,Dulcinea.Hachmin@yopmail.com,firefighter
214,Celene,Gusella,Celene.Gusella@yopmail.com,doctor
215,Josephine,Weaks,Josephine.Weaks@yopmail.com,firefighter
216,Allyce,Sherfield,Allyce.Sherfield@yopmail.com,developer
217,Kenna,Rebecka,Kenna.Rebecka@yopmail.com,police officer
218,Florie,Bashemeth,Florie.Bashemeth@yopmail.com,police officer
219,Desirae,Ellord,Desirae.Ellord@yopmail.com,doctor
220,Kenna,Lenny,Kenna.Lenny@yopmail.com,worker
221,Tabbatha,Germann,Tabbatha.Germann@yopmail.com,police officer
222,Shauna,Oneida,Shauna.Oneida@yopmail.com,police officer
223,Gabriellia,Dannye,Gabriellia.Dannye@yopmail.com,police officer
224,Hermione,Schroth,Hermione.Schroth@yopmail.com,worker
225,Ardenia,Maribeth,Ardenia.Maribeth@yopmail.com,worker
226,Oona,Chandler,Oona.Chandler@yopmail.com,firefighter
227,Belva,Mintz,Belva.Mintz@yopmail.com,worker
228,Frank,Moseley,Frank.Moseley@yopmail.com,developer
229,Merle,Flyn,Merle.Flyn@yopmail.com,worker
230,Dacia,Nadia,Dacia.Nadia@yopmail.com,police officer
231,Janeczka,Wesle,Janeczka.Wesle@yopmail.com,worker
232,Sue,Katrine,Sue.Katrine@yopmail.com,police officer
233,Doro,Pearse,Doro.Pearse@yopmail.com,developer
234,Lesly,Kress,Lesly.Kress@yopmail.com,police officer
235,Kamilah,Stephie,Kamilah.Stephie@yopmail.com,police officer
236,Raf,Henrie,Raf.Henrie@yopmail.com,police officer
237,Charmaine,Knowling,Charmaine.Knowling@yopmail.com,police officer
238,Britni,Hartnett,Britni.Hartnett@yopmail.com,worker
239,Joeann,Raimondo,Joeann.Raimondo@yopmail.com,developer
240,Angela,Gaynor,Angela.Gaynor@yopmail.com,developer
241,Jackie,Nester,Jackie.Nester@yopmail.com,firefighter
242,Hope,Baylor,Hope.Baylor@yopmail.com,firefighter
243,Marleah,Charity,Marleah.Charity@yopmail.com,firefighter
244,Caressa,Auberbach,Caressa.Auberbach@yopmail.com,worker
245,Robbi,Pelagias,Robbi.Pelagias@yopmail.com,worker
246,Dari,Fontana,Dari.Fontana@yopmail.com,police officer
247,Candi,Schonfeld,Candi.Schonfeld@yopmail.com,doctor
248,Hayley,Ellerey,Hayley.Ellerey@yopmail.com,doctor
249,Rubie,Calhoun,Rubie.Calhoun@yopmail.com,worker
250,Latisha,Pattin,Latisha.Pattin@yopmail.com,police officer
251,Sabina,Madaih,Sabina.Madaih@yopmail.com,doctor
252,Carly,Rogerio,Carly.Rogerio@yopmail.com,doctor
253,Lexine,Hertzfeld,Lexine.Hertzfeld@yopmail.com,police officer
254,Elora,Wadell,Elora.Wadell@yopmail.com,police officer
255,Brana,Grosz,Brana.Grosz@yopmail.com,worker
256,Ayn,Salchunas,Ayn.Salchunas@yopmail.com,police officer
257,Anestassia,Izaak,Anestassia.Izaak@yopmail.com,worker
258,Karena,Helfand,Karena.Helfand@yopmail.com,police officer
259,Joelly,Henrie,Joelly.Henrie@yopmail.com,doctor
260,Chloris,Niles,Chloris.Niles@yopmail.com,police officer
261,Elvira,Catie,Elvira.Catie@yopmail.com,doctor
262,Dorene,Shuler,Dorene.Shuler@yopmail.com,developer
263,Abbie,Jess,Abbie.Jess@yopmail.com,developer
264,Pearline,Libna,Pearline.Libna@yopmail.com,developer
265,Jany,Eiser,Jany.Eiser@yopmail.com,doctor
266,Camile,Alva,Camile.Alva@yopmail.com,police officer
267,June,Esmaria,June.Esmaria@yopmail.com,firefighter
268,Daune,Rese,Daune.Rese@yopmail.com,firefighter
269,Ginnie,Terencio,Ginnie.Terencio@yopmail.com,worker
270,Almeta,Fiester,Almeta.Fiester@yopmail.com,worker
271,Candi,Grosz,Candi.Grosz@yopmail.com,police officer
272,Oona,Dimitris,Oona.Dimitris@yopmail.com,police officer
273,Mallory,Evvie,Mallory.Evvie@yopmail.com,firefighter
274,Lita,Stilwell,Lita.Stilwell@yopmail.com,doctor
275,Beverley,Candy,Beverley.Candy@yopmail.com,worker
276,Jenilee,Orelee,Jenilee.Orelee@yopmail.com,firefighter
277,Elvira,Carbo,Elvira.Carbo@yopmail.com,doctor
278,Corly,Garrison,Corly.Garrison@yopmail.com,developer
279,Peri,Marijo,Peri.Marijo@yopmail.com,developer
280,Rivalee,Durante,Rivalee.Durante@yopmail.com,police officer
281,Joleen,Wenda,Joleen.Wenda@yopmail.com,developer
282,Candy,Gaspard,Candy.Gaspard@yopmail.com,doctor
283,Deirdre,Donoghue,Deirdre.Donoghue@yopmail.com,firefighter
284,Marnia,Mich,Marnia.Mich@yopmail.com,worker
285,Janis,Lymann,Janis.Lymann@yopmail.com,police officer
286,Fidelia,Soneson,Fidelia.Soneson@yopmail.com,worker
287,Hannis,Klotz,Hannis.Klotz@yopmail.com,developer
288,Brena,Han,Brena.Han@yopmail.com,firefighter
289,Brooks,Tound,Brooks.Tound@yopmail.com,developer
290,Dianemarie,Hashim,Dianemarie.Hashim@yopmail.com,police officer
291,Joeann,Maryanne,Joeann.Maryanne@yopmail.com,firefighter
292,Rhoda,Soneson,Rhoda.Soneson@yopmail.com,worker
293,Ericka,Alisia,Ericka.Alisia@yopmail.com,worker
294,Rosanne,Guthrie,Rosanne.Guthrie@yopmail.com,developer
295,Anica,Hepsibah,Anica.Hepsibah@yopmail.com,firefighter
296,Anallese,Rillings,Anallese.Rillings@yopmail.com,police officer
297,Monika,Destinee,Monika.Destinee@yopmail.com,developer
298,Adele,Tarrant,Adele.Tarrant@yopmail.com,worker
299,Loree,Loeb,Loree.Loeb@yopmail.com,doctor
300,Nyssa,Olympium,Nyssa.Olympium@yopmail.com,police officer
301,Edith,Daveta,Edith.Daveta@yopmail.com,firefighter
302,Aubrie,Faso,Aubrie.Faso@yopmail.com,doctor
303,Binny,Hachmin,Binny.Hachmin@yopmail.com,doctor
304,Daryl,Gahl,Daryl.Gahl@yopmail.com,developer
305,Netty,Colleen,Netty.Colleen@yopmail.com,developer
306,Ekaterina,Magnolia,Ekaterina.Magnolia@yopmail.com,developer
307,Berget,Kellby,Berget.Kellby@yopmail.com,worker
308,Joy,Munn,Joy.Munn@yopmail.com,doctor
309,Mireielle,Meli,Mireielle.Meli@yopmail.com,police officer
310,Nessie,Monk,Nessie.Monk@yopmail.com,doctor
311,Nanete,Ludewig,Nanete.Ludewig@yopmail.com,doctor
312,Selma,Ardra,Selma.Ardra@yopmail.com,police officer
313,Kamilah,Vharat,Kamilah.Vharat@yopmail.com,worker
314,Verla,Milson,Verla.Milson@yopmail.com,developer
315,Kristan,Codding,Kristan.Codding@yopmail.com,firefighter
316,Gale,Neils,Gale.Neils@yopmail.com,police officer
317,Sean,Brunell,Sean.Brunell@yopmail.com,developer
318,Almeta,Bethany,Almeta.Bethany@yopmail.com,police officer
319,Harmonia,Aprile,Harmonia.Aprile@yopmail.com,developer
320,Aurore,Fennessy,Aurore.Fennessy@yopmail.com,developer
321,Wendi,Syd,Wendi.Syd@yopmail.com,doctor
322,Jerry,Baudin,Jerry.Baudin@yopmail.com,developer
323,Pearline,Seligman,Pearline.Seligman@yopmail.com,worker
324,Jenda,Riva,Jenda.Riva@yopmail.com,police officer
325,Nikki,Stefa,Nikki.Stefa@yopmail.com,police officer
326,Mignon,Skell,Mignon.Skell@yopmail.com,worker
327,Roxane,Syd,Roxane.Syd@yopmail.com,doctor
328,Livvyy,Libna,Livvyy.Libna@yopmail.com,doctor
329,Florie,Barbey,Florie.Barbey@yopmail.com,police officer
330,Jan,Merat,Jan.Merat@yopmail.com,developer
331,Lulita,Teddman,Lulita.Teddman@yopmail.com,worker
332,Joy,Susannah,Joy.Susannah@yopmail.com,worker
333,Belva,Tannie,Belva.Tannie@yopmail.com,doctor
334,Isa,Buckler,Isa.Buckler@yopmail.com,doctor
335,Sean,Smitt,Sean.Smitt@yopmail.com,police officer
336,Tobe,Dahlia,Tobe.Dahlia@yopmail.com,police officer
337,Inga,Annabella,Inga.Annabella@yopmail.com,doctor
338,Romona,Tillford,Romona.Tillford@yopmail.com,worker
339,Kelly,Sancho,Kelly.Sancho@yopmail.com,police officer
340,Valeda,Elbertina,Valeda.Elbertina@yopmail.com,doctor
341,Blinni,Eiser,Blinni.Eiser@yopmail.com,worker
342,Elsie,Maribeth,Elsie.Maribeth@yopmail.com,worker
343,Vanessa,Myrilla,Vanessa.Myrilla@yopmail.com,doctor
344,Carolina,Philoo,Carolina.Philoo@yopmail.com,developer
345,Dede,Nerita,Dede.Nerita@yopmail.com,worker
346,Katharina,Regan,Katharina.Regan@yopmail.com,firefighter
347,Dorice,Aaberg,Dorice.Aaberg@yopmail.com,developer
348,Stephanie,Autrey,Stephanie.Autrey@yopmail.com,developer
349,Leanna,Dom,Leanna.Dom@yopmail.com,developer
350,Marita,Wandie,Marita.Wandie@yopmail.com,developer
351,Ana,Imelida,Ana.Imelida@yopmail.com,worker
352,Diena,Linskey,Diena.Linskey@yopmail.com,police officer
353,Zsa Zsa,Vanni,Zsa Zsa.Vanni@yopmail.com,developer
354,Codie,Lacombe,Codie.Lacombe@yopmail.com,police officer
355,Elka,Eachern,Elka.Eachern@yopmail.com,police officer
356,Emelina,Durante,Emelina.Durante@yopmail.com,worker
357,Kathy,MacIntosh,Kathy.MacIntosh@yopmail.com,doctor
358,Sandie,Hilbert,Sandie.Hilbert@yopmail.com,police officer
359,Kalina,Noelyn,Kalina.Noelyn@yopmail.com,police officer
360,Frances,Tatianas,Frances.Tatianas@yopmail.com,doctor
361,Tabbatha,Hazlett,Tabbatha.Hazlett@yopmail.com,worker
362,Adriana,Celestine,Adriana.Celestine@yopmail.com,firefighter
363,Heddie,Gabrielli,Heddie.Gabrielli@yopmail.com,developer
364,Maud,Florina,Maud.Florina@yopmail.com,developer
365,Brandise,Burkle,Brandise.Burkle@yopmail.com,police officer
366,Dacia,Dannye,Dacia.Dannye@yopmail.com,police officer
367,Gabriellia,Charity,Gabriellia.Charity@yopmail.com,developer
368,Edith,Linehan,Edith.Linehan@yopmail.com,worker
369,Babita,Annice,Babita.Annice@yopmail.com,police officer
370,Ermengarde,Hylan,Ermengarde.Hylan@yopmail.com,developer
371,Drucie,Couture,Drucie.Couture@yopmail.com,firefighter
372,Nanete,Paine,Nanete.Paine@yopmail.com,developer
373,Fred,Berl,Fred.Berl@yopmail.com,developer
374,Antonietta,Rodmann,Antonietta.Rodmann@yopmail.com,police officer
375,Lorie,Adlare,Lorie.Adlare@yopmail.com,firefighter
376,Gwenneth,Marisa,Gwenneth.Marisa@yopmail.com,police officer
377,Ninnetta,Marisa,Ninnetta.Marisa@yopmail.com,firefighter
378,Zondra,Hurley,Zondra.Hurley@yopmail.com,police officer
379,Lexine,Llovera,Lexine.Llovera@yopmail.com,firefighter
380,Heddie,Madox,Heddie.Madox@yopmail.com,police officer
381,Merle,Harl,Merle.Harl@yopmail.com,developer
382,Wilma,Holtz,Wilma.Holtz@yopmail.com,firefighter
383,Juliane,Belldas,Juliane.Belldas@yopmail.com,police officer
384,Penelopa,Stelle,Penelopa.Stelle@yopmail.com,worker
385,Sindee,Teryn,Sindee.Teryn@yopmail.com,developer
386,Rayna,Mata,Rayna.Mata@yopmail.com,police officer
387,Rosaline,Toor,Rosaline.Toor@yopmail.com,developer
388,Marti,Belldas,Marti.Belldas@yopmail.com,firefighter
389,Pollyanna,Rese,Pollyanna.Rese@yopmail.com,doctor
390,Darci,Tiffa,Darci.Tiffa@yopmail.com,worker
391,Frank,Pernick,Frank.Pernick@yopmail.com,worker
392,Ana,Hortensia,Ana.Hortensia@yopmail.com,developer
393,Ezmeralda,Rubie,Ezmeralda.Rubie@yopmail.com,firefighter
394,Tracey,Kirstin,Tracey.Kirstin@yopmail.com,firefighter
395,Adele,Urias,Adele.Urias@yopmail.com,worker
396,Nadine,Imelida,Nadine.Imelida@yopmail.com,worker
397,Jeanna,Grosz,Jeanna.Grosz@yopmail.com,developer
398,Demetris,Weinreb,Demetris.Weinreb@yopmail.com,worker
399,Jessy,Rillings,Jessy.Rillings@yopmail.com,firefighter
400,Yvonne,Stefa,Yvonne.Stefa@yopmail.com,developer
401,Veda,Neva,Veda.Neva@yopmail.com,doctor
402,Sidoney,Diann,Sidoney.Diann@yopmail.com,doctor
403,Lolita,Gaspard,Lolita.Gaspard@yopmail.com,worker
404,Jerry,Hachmin,Jerry.Hachmin@yopmail.com,police officer
405,Joceline,Fiann,Joceline.Fiann@yopmail.com,firefighter
406,Georgetta,Hylan,Georgetta.Hylan@yopmail.com,developer
407,Allis,Berl,Allis.Berl@yopmail.com,police officer
408,Dorothy,Noman,Dorothy.Noman@yopmail.com,police officer
409,Brandise,Francyne,Brandise.Francyne@yopmail.com,police officer
410,Celestyna,Israeli,Celestyna.Israeli@yopmail.com,police officer
411,Averyl,Crudden,Averyl.Crudden@yopmail.com,police officer
412,Julieta,Wareing,Julieta.Wareing@yopmail.com,police officer
413,Marguerite,Argus,Marguerite.Argus@yopmail.com,police officer
414,Shirlee,Fennessy,Shirlee.Fennessy@yopmail.com,developer
415,Darlleen,Desai,Darlleen.Desai@yopmail.com,worker
416,Margarette,Couture,Margarette.Couture@yopmail.com,firefighter
417,Ardenia,Noam,Ardenia.Noam@yopmail.com,worker
418,Dotty,Berl,Dotty.Berl@yopmail.com,developer
419,Gusty,Olin,Gusty.Olin@yopmail.com,developer
420,Jaime,Malvino,Jaime.Malvino@yopmail.com,doctor
421,Jacquetta,Bouchard,Jacquetta.Bouchard@yopmail.com,worker
422,Shaine,Docilla,Shaine.Docilla@yopmail.com,firefighter
423,Morganica,Podvin,Morganica.Podvin@yopmail.com,worker
424,Chickie,Morrill,Chickie.Morrill@yopmail.com,developer
425,Blondelle,Wenda,Blondelle.Wenda@yopmail.com,worker
426,Odessa,Alejoa,Odessa.Alejoa@yopmail.com,worker
427,Emelina,Jorgan,Emelina.Jorgan@yopmail.com,police officer
428,Suzette,Sisile,Suzette.Sisile@yopmail.com,police officer
429,Valera,Garbe,Valera.Garbe@yopmail.com,worker
430,Mathilda,Lane,Mathilda.Lane@yopmail.com,developer
431,Jordan,Bergman,Jordan.Bergman@yopmail.com,doctor
432,Jaclyn,Brieta,Jaclyn.Brieta@yopmail.com,worker
433,Sandie,Fairweather,Sandie.Fairweather@yopmail.com,firefighter
434,Liana,Earlie,Liana.Earlie@yopmail.com,developer
435,Cathie,Morehouse,Cathie.Morehouse@yopmail.com,worker
436,Mathilda,Milson,Mathilda.Milson@yopmail.com,firefighter
437,Kellen,Quent,Kellen.Quent@yopmail.com,firefighter
438,Fayre,Uund,Fayre.Uund@yopmail.com,doctor
439,Inga,Morrill,Inga.Morrill@yopmail.com,firefighter
440,Marika,Pillsbury,Marika.Pillsbury@yopmail.com,police officer
441,Kial,Nelsen,Kial.Nelsen@yopmail.com,firefighter
442,Mallory,Alwin,Mallory.Alwin@yopmail.com,police officer
443,Michaelina,Pierette,Michaelina.Pierette@yopmail.com,worker
444,Emma,Olin,Emma.Olin@yopmail.com,police officer
445,Maye,Grayce,Maye.Grayce@yopmail.com,worker
446,Keelia,Ashok,Keelia.Ashok@yopmail.com,developer
447,Magdalena,Mayeda,Magdalena.Mayeda@yopmail.com,firefighter
448,Gretal,Etom,Gretal.Etom@yopmail.com,developer
449,Annecorinne,Evvie,Annecorinne.Evvie@yopmail.com,police officer
450,Tierney,Saint,Tierney.Saint@yopmail.com,firefighter
451,Lesly,Berne,Lesly.Berne@yopmail.com,firefighter
452,Corene,Hessler,Corene.Hessler@yopmail.com,firefighter
453,Lisette,Engdahl,Lisette.Engdahl@yopmail.com,firefighter
454,Alexine,Hailee,Alexine.Hailee@yopmail.com,doctor
455,Lily,Old,Lily.Old@yopmail.com,worker
456,Jemie,Raimondo,Jemie.Raimondo@yopmail.com,police officer
457,Kimberley,Adlare,Kimberley.Adlare@yopmail.com,developer
458,Debee,Ogren,Debee.Ogren@yopmail.com,developer
459,Gusella,Adamsen,Gusella.Adamsen@yopmail.com,firefighter
460,Pearline,Klemperer,Pearline.Klemperer@yopmail.com,developer
461,Chickie,Ventre,Chickie.Ventre@yopmail.com,firefighter
462,Brianna,Gilmour,Brianna.Gilmour@yopmail.com,doctor
463,Anica,Tufts,Anica.Tufts@yopmail.com,doctor
464,Lonnie,Giule,Lonnie.Giule@yopmail.com,firefighter
465,Elyssa,Jammal,Elyssa.Jammal@yopmail.com,worker
466,Ezmeralda,Karl,Ezmeralda.Karl@yopmail.com,firefighter
467,Jessy,Si,Jessy.Si@yopmail.com,firefighter
468,Starla,Vale,Starla.Vale@yopmail.com,police officer
469,Valli,Modie,Valli.Modie@yopmail.com,firefighter
470,Wynne,Keelia,Wynne.Keelia@yopmail.com,developer
471,Janenna,Hessler,Janenna.Hessler@yopmail.com,worker
472,Inga,Carbo,Inga.Carbo@yopmail.com,firefighter
473,Chere,Carleen,Chere.Carleen@yopmail.com,worker
474,Demetris,Presber,Demetris.Presber@yopmail.com,worker
475,Maye,Berard,Maye.Berard@yopmail.com,developer
476,Nicoli,Georgy,Nicoli.Georgy@yopmail.com,doctor
477,Cam,Xerxes,Cam.Xerxes@yopmail.com,doctor
478,Cherilyn,Federica,Cherilyn.Federica@yopmail.com,worker
479,Sashenka,Gahl,Sashenka.Gahl@yopmail.com,doctor
480,Pamella,Edison,Pamella.Edison@yopmail.com,firefighter
481,Hallie,Brenn,Hallie.Brenn@yopmail.com,worker
482,Ericka,Liebermann,Ericka.Liebermann@yopmail.com,police officer
483,Dione,Tound,Dione.Tound@yopmail.com,developer
484,Tonia,Pierette,Tonia.Pierette@yopmail.com,developer
485,Althea,Nerita,Althea.Nerita@yopmail.com,doctor
486,Magdalena,Pacorro,Magdalena.Pacorro@yopmail.com,doctor
487,Kittie,Kosey,Kittie.Kosey@yopmail.com,developer
488,Daphne,Lauraine,Daphne.Lauraine@yopmail.com,firefighter
489,Marcy,Elo,Marcy.Elo@yopmail.com,firefighter
490,Gaylene,Kellby,Gaylene.Kellby@yopmail.com,developer
491,Karolina,Zuzana,Karolina.Zuzana@yopmail.com,worker
492,Jillayne,Delacourt,Jillayne.Delacourt@yopmail.com,police officer
493,Consuela,McGrody,Consuela.McGrody@yopmail.com,police officer
494,Lorne,Claudine,Lorne.Claudine@yopmail.com,developer
495,Gwenneth,Fiann,Gwenneth.Fiann@yopmail.com,firefighter
496,Candy,Boehike,Candy.Boehike@yopmail.com,developer
497,Doralynne,Koehler,Doralynne.Koehler@yopmail.com,firefighter
498,Mady,Noam,Mady.Noam@yopmail.com,developer
499,Lacie,Richers,Lacie.Richers@yopmail.com,police officer
500,Rosaline,Himelman,Rosaline.Himelman@yopmail.com,worker
501,Jessy,Campball,Jessy.Campball@yopmail.com,police officer
502,Brianna,Alice,Brianna.Alice@yopmail.com,developer
503,Raina,Richers,Raina.Richers@yopmail.com,doctor
504,Jackie,Tamsky,Jackie.Tamsky@yopmail.com,worker
505,Aigneis,Eckblad,Aigneis.Eckblad@yopmail.com,developer
506,Roseline,Ciro,Roseline.Ciro@yopmail.com,police officer
507,Sherrie,Felizio,Sherrie.Felizio@yopmail.com,doctor
508,Giustina,Persse,Giustina.Persse@yopmail.com,developer
509,Gwyneth,Ethban,Gwyneth.Ethban@yopmail.com,firefighter
510,Olivette,Old,Olivette.Old@yopmail.com,developer
511,Arlena,Schroth,Arlena.Schroth@yopmail.com,police officer
512,Margalo,Gombach,Margalo.Gombach@yopmail.com,police officer
513,Lorie,Ardeha,Lorie.Ardeha@yopmail.com,doctor
514,Misha,Plato,Misha.Plato@yopmail.com,police officer
515,Dede,Mauer,Dede.Mauer@yopmail.com,police officer
516,Nelle,Margret,Nelle.Margret@yopmail.com,developer
517,Vivia,Lattie,Vivia.Lattie@yopmail.com,doctor
518,Mamie,Bashemeth,Mamie.Bashemeth@yopmail.com,doctor
519,Zsa Zsa,Palocz,Zsa Zsa.Palocz@yopmail.com,doctor
520,Chloris,Jacobah,Chloris.Jacobah@yopmail.com,police officer
521,Mahalia,Hanleigh,Mahalia.Hanleigh@yopmail.com,police officer
522,Paola,Bivins,Paola.Bivins@yopmail.com,worker
523,Brynna,Morehouse,Brynna.Morehouse@yopmail.com,doctor
524,Althea,Merna,Althea.Merna@yopmail.com,worker
525,Katuscha,Fax,Katuscha.Fax@yopmail.com,doctor
526,Elmira,Faust,Elmira.Faust@yopmail.com,firefighter
527,Celene,Creamer,Celene.Creamer@yopmail.com,worker
528,Frances,Dahlia,Frances.Dahlia@yopmail.com,developer
529,Cam,Posner,Cam.Posner@yopmail.com,doctor
530,Tani,Leler,Tani.Leler@yopmail.com,worker
531,Clary,Anestassia,Clary.Anestassia@yopmail.com,police officer
532,Jennica,Trace,Jennica.Trace@yopmail.com,worker
533,Selia,Harned,Selia.Harned@yopmail.com,developer
534,Selma,Nedrud,Selma.Nedrud@yopmail.com,firefighter
535,Jinny,Fennessy,Jinny.Fennessy@yopmail.com,police officer
536,Elora,Jeanne,Elora.Jeanne@yopmail.com,police officer
537,Raina,Johanna,Raina.Johanna@yopmail.com,police officer
538,Hollie,Syd,Hollie.Syd@yopmail.com,firefighter
539,Jany,Uund,Jany.Uund@yopmail.com,worker
540,Ingrid,Phaidra,Ingrid.Phaidra@yopmail.com,firefighter
541,Valeda,Tomasina,Valeda.Tomasina@yopmail.com,developer
542,Ericka,Fleeta,Ericka.Fleeta@yopmail.com,developer
543,Trixi,Raimondo,Trixi.Raimondo@yopmail.com,firefighter
544,Frank,Gregrory,Frank.Gregrory@yopmail.com,police officer
545,Eve,Katrine,Eve.Katrine@yopmail.com,worker
546,Dione,Japeth,Dione.Japeth@yopmail.com,worker
547,Althea,Engdahl,Althea.Engdahl@yopmail.com,firefighter
548,Viki,Leffen,Viki.Leffen@yopmail.com,developer
549,Andeee,Sabella,Andeee.Sabella@yopmail.com,police officer
550,Valeda,Monk,Valeda.Monk@yopmail.com,firefighter
551,Micheline,Cutlerr,Micheline.Cutlerr@yopmail.com,developer
552,Eolanda,Jacqui,Eolanda.Jacqui@yopmail.com,developer
553,Sarette,Malanie,Sarette.Malanie@yopmail.com,firefighter
554,Elsie,Carri,Elsie.Carri@yopmail.com,doctor
555,Marylou,Callista,Marylou.Callista@yopmail.com,police officer
556,Blake,Uund,Blake.Uund@yopmail.com,doctor
557,Vanessa,Rossner,Vanessa.Rossner@yopmail.com,firefighter
558,Gloria,Gilmour,Gloria.Gilmour@yopmail.com,police officer
559,Tatiania,Cookie,Tatiania.Cookie@yopmail.com,worker
560,Ada,Irmine,Ada.Irmine@yopmail.com,developer
561,Emilia,Sasnett,Emilia.Sasnett@yopmail.com,worker
562,Myrtice,Mata,Myrtice.Mata@yopmail.com,doctor
563,Fanny,Faria,Fanny.Faria@yopmail.com,developer
564,Maye,Ardra,Maye.Ardra@yopmail.com,firefighter
565,Cyb,Anton,Cyb.Anton@yopmail.com,doctor
566,Gloria,Bryna,Gloria.Bryna@yopmail.com,doctor
567,Jacquetta,Greenwald,Jacquetta.Greenwald@yopmail.com,worker
568,Emmey,Pitt,Emmey.Pitt@yopmail.com,doctor
569,Chastity,Trey,Chastity.Trey@yopmail.com,developer
570,Meg,Wesle,Meg.Wesle@yopmail.com,police officer
571,Leeanne,Flyn,Leeanne.Flyn@yopmail.com,worker
572,Demetris,Obed,Demetris.Obed@yopmail.com,police officer
573,Maisey,Connelly,Maisey.Connelly@yopmail.com,doctor
574,Viki,Brackely,Viki.Brackely@yopmail.com,developer
575,Molli,Rosalba,Molli.Rosalba@yopmail.com,worker
576,Katleen,Valoniah,Katleen.Valoniah@yopmail.com,firefighter
577,Latisha,Revkah,Latisha.Revkah@yopmail.com,worker
578,Rochette,Albertine,Rochette.Albertine@yopmail.com,firefighter
579,Lanae,Ardeha,Lanae.Ardeha@yopmail.com,police officer
580,Dode,Georgy,Dode.Georgy@yopmail.com,doctor
581,Ronna,Bearnard,Ronna.Bearnard@yopmail.com,police officer
582,Maisey,Lamoree,Maisey.Lamoree@yopmail.com,police officer
583,Arabel,Ethban,Arabel.Ethban@yopmail.com,worker
584,Jeanna,Ivens,Jeanna.Ivens@yopmail.com,police officer
585,Tabbatha,Darian,Tabbatha.Darian@yopmail.com,developer
586,Ericka,Valerio,Ericka.Valerio@yopmail.com,firefighter
587,Donetta,Ogren,Donetta.Ogren@yopmail.com,developer
588,Drucie,Ralfston,Drucie.Ralfston@yopmail.com,developer
589,Kimberley,Maurine,Kimberley.Maurine@yopmail.com,worker
590,Ada,Leler,Ada.Leler@yopmail.com,developer
591,Corina,Rossner,Corina.Rossner@yopmail.com,worker
592,Elvira,Billye,Elvira.Billye@yopmail.com,police officer
593,Maud,Klemperer,Maud.Klemperer@yopmail.com,police officer
594,Althea,Phi,Althea.Phi@yopmail.com,doctor
595,Belva,Raul,Belva.Raul@yopmail.com,police officer
596,Edyth,Federica,Edyth.Federica@yopmail.com,doctor
597,Merry,Doig,Merry.Doig@yopmail.com,police officer
598,Jemie,Lay,Jemie.Lay@yopmail.com,police officer
599,Ardeen,Clywd,Ardeen.Clywd@yopmail.com,worker
600,Korrie,Travax,Korrie.Travax@yopmail.com,worker
601,Courtnay,Ethban,Courtnay.Ethban@yopmail.com,firefighter
602,Karlee,Jobi,Karlee.Jobi@yopmail.com,police officer
603,Nananne,Brodench,Nananne.Brodench@yopmail.com,firefighter
604,Donetta,Colp,Donetta.Colp@yopmail.com,doctor
605,Georgina,Alfons,Georgina.Alfons@yopmail.com,police officer
606,Nonnah,Koehler,Nonnah.Koehler@yopmail.com,doctor
607,Tani,Cassius,Tani.Cassius@yopmail.com,police officer
608,Fanchon,Saint,Fanchon.Saint@yopmail.com,firefighter
609,Yvonne,Vins,Yvonne.Vins@yopmail.com,developer
610,Quintina,Teddman,Quintina.Teddman@yopmail.com,worker
611,Laure,Sawtelle,Laure.Sawtelle@yopmail.com,firefighter
612,Max,Couture,Max.Couture@yopmail.com,developer
613,Olivette,Zitvaa,Olivette.Zitvaa@yopmail.com,worker
614,Emilia,Chick,Emilia.Chick@yopmail.com,police officer
615,Joeann,Eiser,Joeann.Eiser@yopmail.com,police officer
616,Ilse,Oneida,Ilse.Oneida@yopmail.com,police officer
617,Aeriela,Melony,Aeriela.Melony@yopmail.com,police officer
618,Jackie,Maurine,Jackie.Maurine@yopmail.com,doctor
619,Devina,Mozelle,Devina.Mozelle@yopmail.com,police officer
620,Tori,Aprile,Tori.Aprile@yopmail.com,police officer
621,Gianina,Gombach,Gianina.Gombach@yopmail.com,worker
622,Alisha,Xerxes,Alisha.Xerxes@yopmail.com,police officer
623,Leona,Timon,Leona.Timon@yopmail.com,police officer
624,Fidelia,McGrody,Fidelia.McGrody@yopmail.com,police officer
625,Beth,Neva,Beth.Neva@yopmail.com,worker
626,Dale,Juan,Dale.Juan@yopmail.com,police officer
627,Rosene,Meter,Rosene.Meter@yopmail.com,worker
628,Raquela,Aaberg,Raquela.Aaberg@yopmail.com,developer
629,Ethel,Bevin,Ethel.Bevin@yopmail.com,firefighter
630,Cathie,Mallon,Cathie.Mallon@yopmail.com,worker
631,Ingrid,Even,Ingrid.Even@yopmail.com,worker
632,Valeda,Astra,Valeda.Astra@yopmail.com,developer
633,Shaylyn,Burkle,Shaylyn.Burkle@yopmail.com,police officer
634,Maisey,Leffen,Maisey.Leffen@yopmail.com,developer
635,Allis,Hazlett,Allis.Hazlett@yopmail.com,doctor
636,Danika,Junie,Danika.Junie@yopmail.com,police officer
637,Kalina,Pascia,Kalina.Pascia@yopmail.com,firefighter
638,Jany,Zrike,Jany.Zrike@yopmail.com,worker
639,Sharai,Schonfeld,Sharai.Schonfeld@yopmail.com,firefighter
640,Jillayne,Thornburg,Jillayne.Thornburg@yopmail.com,doctor
641,Julieta,Jobi,Julieta.Jobi@yopmail.com,police officer
642,Clo,Merat,Clo.Merat@yopmail.com,police officer
643,Cassandra,Voletta,Cassandra.Voletta@yopmail.com,firefighter
644,Ronna,Tacye,Ronna.Tacye@yopmail.com,worker
645,Rayna,Sheng,Rayna.Sheng@yopmail.com,doctor
646,Bill,Gert,Bill.Gert@yopmail.com,police officer
647,Kayla,Rodmann,Kayla.Rodmann@yopmail.com,developer
648,Chloris,Elo,Chloris.Elo@yopmail.com,firefighter
649,Katuscha,Wandie,Katuscha.Wandie@yopmail.com,doctor
650,Jean,Persse,Jean.Persse@yopmail.com,doctor
651,Brandise,Romelda,Brandise.Romelda@yopmail.com,police officer
652,Theodora,Goldina,Theodora.Goldina@yopmail.com,firefighter
653,Kellen,Persse,Kellen.Persse@yopmail.com,police officer
654,Petronia,Redmond,Petronia.Redmond@yopmail.com,police officer
655,Courtnay,Boycey,Courtnay.Boycey@yopmail.com,doctor
656,Latisha,Albertine,Latisha.Albertine@yopmail.com,worker
657,Demetris,Lucienne,Demetris.Lucienne@yopmail.com,firefighter
658,Jan,Borrell,Jan.Borrell@yopmail.com,firefighter
659,Gusella,Durware,Gusella.Durware@yopmail.com,firefighter
660,Penelopa,Dominy,Penelopa.Dominy@yopmail.com,developer
661,Magdalena,Anderea,Magdalena.Anderea@yopmail.com,doctor
662,Estell,Leopold,Estell.Leopold@yopmail.com,doctor
663,Harmonia,Pyle,Harmonia.Pyle@yopmail.com,police officer
664,Corly,Fancie,Corly.Fancie@yopmail.com,doctor
665,Anthia,Harriman,Anthia.Harriman@yopmail.com,worker
666,Asia,Kimmie,Asia.Kimmie@yopmail.com,firefighter
667,Briney,Darian,Briney.Darian@yopmail.com,firefighter
668,Johna,Casimir,Johna.Casimir@yopmail.com,firefighter
669,Mureil,Dowski,Mureil.Dowski@yopmail.com,police officer
670,Candy,Rudolph,Candy.Rudolph@yopmail.com,firefighter
671,Teddie,Yate,Teddie.Yate@yopmail.com,developer
672,Mamie,Tice,Mamie.Tice@yopmail.com,firefighter
673,Bernie,Docilla,Bernie.Docilla@yopmail.com,firefighter
674,Melisent,Keelia,Melisent.Keelia@yopmail.com,doctor
675,Jan,Milson,Jan.Milson@yopmail.com,worker
676,Concettina,Constancy,Concettina.Constancy@yopmail.com,doctor
677,Alie,Nerita,Alie.Nerita@yopmail.com,police officer
678,Brana,Gaspard,Brana.Gaspard@yopmail.com,police officer
679,Augustine,Luhe,Augustine.Luhe@yopmail.com,worker
680,Cherilyn,Goth,Cherilyn.Goth@yopmail.com,firefighter
681,Sissy,Kathie,Sissy.Kathie@yopmail.com,firefighter
682,Tera,Anestassia,Tera.Anestassia@yopmail.com,firefighter
683,Aurelie,Ophelia,Aurelie.Ophelia@yopmail.com,worker
684,Ginnie,Lewes,Ginnie.Lewes@yopmail.com,firefighter
685,Evaleen,Leffen,Evaleen.Leffen@yopmail.com,firefighter
686,Roslyn,Clarissa,Roslyn.Clarissa@yopmail.com,doctor
687,Damaris,Karylin,Damaris.Karylin@yopmail.com,police officer
688,Karly,Hieronymus,Karly.Hieronymus@yopmail.com,worker
689,Kial,Amand,Kial.Amand@yopmail.com,police officer
690,Kittie,Lissi,Kittie.Lissi@yopmail.com,developer
691,Addia,Trace,Addia.Trace@yopmail.com,doctor
692,Beverley,Daveta,Beverley.Daveta@yopmail.com,doctor
693,Clary,Hathaway,Clary.Hathaway@yopmail.com,police officer
694,Shirlee,Gillan,Shirlee.Gillan@yopmail.com,police officer
695,Jacenta,Buffum,Jacenta.Buffum@yopmail.com,worker
696,Kirbee,Lilybelle,Kirbee.Lilybelle@yopmail.com,worker
697,Lisette,Zetta,Lisette.Zetta@yopmail.com,doctor
698,Lizzie,Madaih,Lizzie.Madaih@yopmail.com,doctor
699,Charissa,Morgun,Charissa.Morgun@yopmail.com,doctor
700,Ulrike,Desai,Ulrike.Desai@yopmail.com,worker
701,Ileana,Bibi,Ileana.Bibi@yopmail.com,police officer
702,Adriana,Nikaniki,Adriana.Nikaniki@yopmail.com,worker
703,Basia,Susannah,Basia.Susannah@yopmail.com,firefighter
704,Caressa,Haymes,Caressa.Haymes@yopmail.com,police officer
705,Lindie,Isidore,Lindie.Isidore@yopmail.com,developer
706,Addia,Rogerio,Addia.Rogerio@yopmail.com,firefighter
707,Maud,Buttaro,Maud.Buttaro@yopmail.com,firefighter
708,Codie,Philoo,Codie.Philoo@yopmail.com,doctor
709,Yvonne,Stilwell,Yvonne.Stilwell@yopmail.com,doctor
710,Doralynne,Gower,Doralynne.Gower@yopmail.com,doctor
711,Katuscha,Secrest,Katuscha.Secrest@yopmail.com,firefighter
712,Riannon,Weinreb,Riannon.Weinreb@yopmail.com,firefighter
713,Abbie,Joseph,Abbie.Joseph@yopmail.com,police officer
714,Jenilee,Jaylene,Jenilee.Jaylene@yopmail.com,doctor
715,Mara,Mandler,Mara.Mandler@yopmail.com,developer
716,Ira,Fosque,Ira.Fosque@yopmail.com,firefighter
717,Felice,Fadiman,Felice.Fadiman@yopmail.com,doctor
718,Beverley,Brian,Beverley.Brian@yopmail.com,worker
719,Vere,Wolfgram,Vere.Wolfgram@yopmail.com,police officer
720,Debee,Cosenza,Debee.Cosenza@yopmail.com,worker
721,Alisha,Sophronia,Alisha.Sophronia@yopmail.com,police officer
722,Kassey,Maurine,Kassey.Maurine@yopmail.com,firefighter
723,Caressa,Hylan,Caressa.Hylan@yopmail.com,developer
724,Jan,Naor,Jan.Naor@yopmail.com,firefighter
725,Britte,Suk,Britte.Suk@yopmail.com,police officer
726,Marjie,Auberbach,Marjie.Auberbach@yopmail.com,firefighter
727,Nessie,Raama,Nessie.Raama@yopmail.com,worker
728,Josephine,Gordon,Josephine.Gordon@yopmail.com,worker
729,Ingrid,Guildroy,Ingrid.Guildroy@yopmail.com,police officer
730,Jorry,Bow,Jorry.Bow@yopmail.com,firefighter
731,Emylee,Himelman,Emylee.Himelman@yopmail.com,police officer
732,Mara,Swigart,Mara.Swigart@yopmail.com,firefighter
733,Elvira,Alwin,Elvira.Alwin@yopmail.com,developer
734,Jacenta,Velick,Jacenta.Velick@yopmail.com,firefighter
735,Korrie,Pettiford,Korrie.Pettiford@yopmail.com,firefighter
736,Eugine,Christine,Eugine.Christine@yopmail.com,doctor
737,Kimberley,Rustice,Kimberley.Rustice@yopmail.com,police officer
738,Randa,Reinke,Randa.Reinke@yopmail.com,worker
739,Phedra,Boehike,Phedra.Boehike@yopmail.com,doctor
740,Hallie,Gower,Hallie.Gower@yopmail.com,doctor
741,Eadie,Lenny,Eadie.Lenny@yopmail.com,doctor
742,Melina,Jess,Melina.Jess@yopmail.com,worker
743,Jsandye,Valerio,Jsandye.Valerio@yopmail.com,firefighter
744,Tani,Longfellow,Tani.Longfellow@yopmail.com,worker
745,Robinia,Clywd,Robinia.Clywd@yopmail.com,doctor
746,Charlena,Gemini,Charlena.Gemini@yopmail.com,worker
747,Candy,Presber,Candy.Presber@yopmail.com,police officer
748,Shirlee,Braun,Shirlee.Braun@yopmail.com,worker
749,Elka,Jary,Elka.Jary@yopmail.com,worker
750,Marika,Aprile,Marika.Aprile@yopmail.com,developer
751,Elie,Libna,Elie.Libna@yopmail.com,police officer
752,Hettie,Natalia,Hettie.Natalia@yopmail.com,worker
753,Dorothy,Angelis,Dorothy.Angelis@yopmail.com,firefighter
754,Cyb,Rad,Cyb.Rad@yopmail.com,doctor
755,Claresta,Clie,Claresta.Clie@yopmail.com,firefighter
756,Robbi,Suzetta,Robbi.Suzetta@yopmail.com,police officer
757,Kara-Lynn,Thema,Kara-Lynn.Thema@yopmail.com,worker
758,Ada,Valerio,Ada.Valerio@yopmail.com,police officer
759,Mariann,Larochelle,Mariann.Larochelle@yopmail.com,firefighter
760,Tina,Bennie,Tina.Bennie@yopmail.com,developer
761,Lesly,Garek,Lesly.Garek@yopmail.com,worker
762,Lusa,Arley,Lusa.Arley@yopmail.com,police officer
763,Betta,Decato,Betta.Decato@yopmail.com,police officer
764,Rosene,Guthrie,Rosene.Guthrie@yopmail.com,firefighter
765,Roberta,Alwin,Roberta.Alwin@yopmail.com,doctor
766,Amalie,August,Amalie.August@yopmail.com,police officer
767,Edyth,Bibi,Edyth.Bibi@yopmail.com,worker
768,Laurene,Susannah,Laurene.Susannah@yopmail.com,firefighter
769,Monika,Romelda,Monika.Romelda@yopmail.com,firefighter
770,Brynna,Waldron,Brynna.Waldron@yopmail.com,firefighter
771,Beverley,Schalles,Beverley.Schalles@yopmail.com,firefighter
772,Max,Catie,Max.Catie@yopmail.com,firefighter
773,Ursulina,Uund,Ursulina.Uund@yopmail.com,firefighter
774,Brana,Cadmar,Brana.Cadmar@yopmail.com,doctor
775,Neila,Barrus,Neila.Barrus@yopmail.com,developer
776,Ulrike,Corrine,Ulrike.Corrine@yopmail.com,developer
777,Allis,Pattin,Allis.Pattin@yopmail.com,firefighter
778,Karina,Eliathas,Karina.Eliathas@yopmail.com,developer
779,Orelia,Guildroy,Orelia.Guildroy@yopmail.com,worker
780,Mellicent,Franza,Mellicent.Franza@yopmail.com,firefighter
781,Bill,Myrilla,Bill.Myrilla@yopmail.com,firefighter
782,Norine,Dorothy,Norine.Dorothy@yopmail.com,firefighter
783,Kimmy,Gaal,Kimmy.Gaal@yopmail.com,worker
784,Vivia,Cleo,Vivia.Cleo@yopmail.com,developer
785,Alameda,Ramona,Alameda.Ramona@yopmail.com,firefighter
786,Ekaterina,Astra,Ekaterina.Astra@yopmail.com,worker
787,Asia,Munn,Asia.Munn@yopmail.com,police officer
788,Lanae,Elvyn,Lanae.Elvyn@yopmail.com,police officer
789,Carol-Jean,Bahr,Carol-Jean.Bahr@yopmail.com,firefighter
790,Luci,Lumbard,Luci.Lumbard@yopmail.com,doctor
791,Kristan,Hilbert,Kristan.Hilbert@yopmail.com,firefighter
792,Tiffie,Mott,Tiffie.Mott@yopmail.com,developer
793,Raf,Merriott,Raf.Merriott@yopmail.com,developer
794,Dari,Fontana,Dari.Fontana@yopmail.com,doctor
795,Nicoli,Baylor,Nicoli.Baylor@yopmail.com,worker
796,Xylina,Kussell,Xylina.Kussell@yopmail.com,doctor
797,Jere,Faust,Jere.Faust@yopmail.com,developer
798,Renie,Maroney,Renie.Maroney@yopmail.com,firefighter
799,Chere,Kat,Chere.Kat@yopmail.com,doctor
800,Fayre,Tacye,Fayre.Tacye@yopmail.com,doctor
801,Christal,Pyle,Christal.Pyle@yopmail.com,doctor
802,Zia,McGrody,Zia.McGrody@yopmail.com,worker
803,Ida,Rolf,Ida.Rolf@yopmail.com,worker
804,Clarice,Lewes,Clarice.Lewes@yopmail.com,firefighter
805,Yvonne,Amadas,Yvonne.Amadas@yopmail.com,police officer
806,Vinita,Aurelio,Vinita.Aurelio@yopmail.com,firefighter
807,Teriann,Kannry,Teriann.Kannry@yopmail.com,developer
808,Hildegaard,Madelene,Hildegaard.Madelene@yopmail.com,police officer
809,Tina,Whittaker,Tina.Whittaker@yopmail.com,developer
810,Eadie,Lynn,Eadie.Lynn@yopmail.com,police officer
811,Bibby,Pillsbury,Bibby.Pillsbury@yopmail.com,police officer
812,Lorie,Pozzy,Lorie.Pozzy@yopmail.com,developer
813,Wilma,Septima,Wilma.Septima@yopmail.com,firefighter
814,Dari,Forrer,Dari.Forrer@yopmail.com,developer
815,Brena,Amadas,Brena.Amadas@yopmail.com,doctor
816,Steffane,Janith,Steffane.Janith@yopmail.com,developer
817,Ira,Serilda,Ira.Serilda@yopmail.com,firefighter
818,Flo,Gerge,Flo.Gerge@yopmail.com,developer
819,Melanie,Kermit,Melanie.Kermit@yopmail.com,firefighter
820,Lory,Carvey,Lory.Carvey@yopmail.com,developer
821,Gabi,Cimbura,Gabi.Cimbura@yopmail.com,firefighter
822,Mallory,Janene,Mallory.Janene@yopmail.com,doctor
823,Blake,Bashemeth,Blake.Bashemeth@yopmail.com,police officer
824,Deane,Angelis,Deane.Angelis@yopmail.com,firefighter
825,Phedra,Abram,Phedra.Abram@yopmail.com,doctor
826,Angelique,Virgin,Angelique.Virgin@yopmail.com,doctor
827,Fayre,McAdams,Fayre.McAdams@yopmail.com,developer
828,Halette,Gilbertson,Halette.Gilbertson@yopmail.com,worker
829,Kylynn,Penelopa,Kylynn.Penelopa@yopmail.com,developer
830,Oralee,Christal,Oralee.Christal@yopmail.com,worker
831,Vevay,Isidore,Vevay.Isidore@yopmail.com,developer
832,Ermengarde,Jammal,Ermengarde.Jammal@yopmail.com,worker
833,Hollie,Prouty,Hollie.Prouty@yopmail.com,doctor
834,Jennica,Elo,Jennica.Elo@yopmail.com,worker
835,Marsiella,Jorgan,Marsiella.Jorgan@yopmail.com,police officer
836,Rochette,Riordan,Rochette.Riordan@yopmail.com,developer
837,Roseline,Kunin,Roseline.Kunin@yopmail.com,doctor
838,Gabi,Margret,Gabi.Margret@yopmail.com,doctor
839,Dari,Curren,Dari.Curren@yopmail.com,doctor
840,Donnie,Skurnik,Donnie.Skurnik@yopmail.com,developer
841,Desirae,Hepsibah,Desirae.Hepsibah@yopmail.com,firefighter
842,Agnese,Lynn,Agnese.Lynn@yopmail.com,worker
843,Blinni,Bord,Blinni.Bord@yopmail.com,police officer
844,Malina,Louanna,Malina.Louanna@yopmail.com,police officer
845,Alameda,Hillel,Alameda.Hillel@yopmail.com,developer
846,Marguerite,Fadiman,Marguerite.Fadiman@yopmail.com,police officer
847,Jacquetta,Vittoria,Jacquetta.Vittoria@yopmail.com,police officer
848,Rozele,Bandeen,Rozele.Bandeen@yopmail.com,police officer
849,Rayna,Raama,Rayna.Raama@yopmail.com,doctor
850,Margalo,Gavrila,Margalo.Gavrila@yopmail.com,worker
851,Reeba,Japeth,Reeba.Japeth@yopmail.com,doctor
852,Demetris,Othilia,Demetris.Othilia@yopmail.com,firefighter
853,Malina,Sekofski,Malina.Sekofski@yopmail.com,doctor
854,Loree,Santoro,Loree.Santoro@yopmail.com,developer
855,Ofilia,Vorster,Ofilia.Vorster@yopmail.com,police officer
856,Maye,Thilda,Maye.Thilda@yopmail.com,police officer
857,Mallory,Vacuva,Mallory.Vacuva@yopmail.com,doctor
858,Nickie,Glovsky,Nickie.Glovsky@yopmail.com,developer
859,Donnie,Lia,Donnie.Lia@yopmail.com,doctor
860,Valera,Darian,Valera.Darian@yopmail.com,developer
861,Ninnetta,Meli,Ninnetta.Meli@yopmail.com,doctor
862,Eve,Arathorn,Eve.Arathorn@yopmail.com,firefighter
863,Jaime,Lissi,Jaime.Lissi@yopmail.com,doctor
864,Myriam,Schonfeld,Myriam.Schonfeld@yopmail.com,firefighter
865,Meriel,Sherfield,Meriel.Sherfield@yopmail.com,police officer
866,Blondelle,Alfons,Blondelle.Alfons@yopmail.com,worker
867,Melisent,Pelagias,Melisent.Pelagias@yopmail.com,doctor
868,Alia,Hebner,Alia.Hebner@yopmail.com,firefighter
869,Corene,Nahum,Corene.Nahum@yopmail.com,worker
870,Michaelina,Elisha,Michaelina.Elisha@yopmail.com,police officer
871,Ariela,Delila,Ariela.Delila@yopmail.com,doctor
872,Elie,Sasnett,Elie.Sasnett@yopmail.com,worker
873,Beverley,Evvie,Beverley.Evvie@yopmail.com,developer
874,Eadie,Sophronia,Eadie.Sophronia@yopmail.com,worker
875,Bobbi,Redmond,Bobbi.Redmond@yopmail.com,developer
876,Dode,Birdella,Dode.Birdella@yopmail.com,doctor
877,Annaliese,Lumbard,Annaliese.Lumbard@yopmail.com,firefighter
878,Jere,Adamsen,Jere.Adamsen@yopmail.com,firefighter
879,Rani,Yerkovich,Rani.Yerkovich@yopmail.com,worker
880,Helsa,Percy,Helsa.Percy@yopmail.com,developer
881,Edee,Edmund,Edee.Edmund@yopmail.com,firefighter
882,Elbertina,Allina,Elbertina.Allina@yopmail.com,doctor
883,Tracey,Madaih,Tracey.Madaih@yopmail.com,worker
884,Lynea,Newell,Lynea.Newell@yopmail.com,worker
885,Janey,Wenda,Janey.Wenda@yopmail.com,doctor
886,June,Ruvolo,June.Ruvolo@yopmail.com,firefighter
887,Carlie,Sharl,Carlie.Sharl@yopmail.com,doctor
888,Cassondra,Tiffa,Cassondra.Tiffa@yopmail.com,doctor
889,Pearline,Melleta,Pearline.Melleta@yopmail.com,doctor
890,Iseabal,Ingra,Iseabal.Ingra@yopmail.com,worker
891,Joelly,Donoghue,Joelly.Donoghue@yopmail.com,firefighter
892,Sean,Socha,Sean.Socha@yopmail.com,firefighter
893,Cyb,Clie,Cyb.Clie@yopmail.com,developer
894,Ada,Read,Ada.Read@yopmail.com,firefighter
895,Leanna,Miru,Leanna.Miru@yopmail.com,police officer
896,Dotty,MacIntosh,Dotty.MacIntosh@yopmail.com,firefighter
897,Sue,Brotherson,Sue.Brotherson@yopmail.com,police officer
898,Alisha,Shaver,Alisha.Shaver@yopmail.com,developer
899,Konstance,Alarise,Konstance.Alarise@yopmail.com,doctor
900,Audrie,Wenoa,Audrie.Wenoa@yopmail.com,doctor
901,June,Sammons,June.Sammons@yopmail.com,developer
902,Gui,Irmine,Gui.Irmine@yopmail.com,developer
903,Gilligan,Cyrie,Gilligan.Cyrie@yopmail.com,firefighter
904,Luci,Syd,Luci.Syd@yopmail.com,firefighter
905,Natka,Charmine,Natka.Charmine@yopmail.com,doctor
906,Shaylyn,Lewes,Shaylyn.Lewes@yopmail.com,firefighter
907,Ariela,Fleeta,Ariela.Fleeta@yopmail.com,worker
908,Joleen,Yoko,Joleen.Yoko@yopmail.com,doctor
909,Chloris,Natalia,Chloris.Natalia@yopmail.com,firefighter
910,Carolina,Engdahl,Carolina.Engdahl@yopmail.com,worker
911,Heddie,Letsou,Heddie.Letsou@yopmail.com,developer
912,Kaia,Land,Kaia.Land@yopmail.com,developer
913,Barbara,Jalbert,Barbara.Jalbert@yopmail.com,worker
914,Judy,Lorain,Judy.Lorain@yopmail.com,developer
915,Vonny,Lacombe,Vonny.Lacombe@yopmail.com,doctor
916,Fernande,Dawkins,Fernande.Dawkins@yopmail.com,developer
917,Loree,Rolf,Loree.Rolf@yopmail.com,police officer
918,Trudie,Winthorpe,Trudie.Winthorpe@yopmail.com,doctor
919,Marsiella,Edison,Marsiella.Edison@yopmail.com,developer
920,Madeleine,Vilma,Madeleine.Vilma@yopmail.com,police officer
921,Lisette,Bethany,Lisette.Bethany@yopmail.com,firefighter
922,Aigneis,Mayeda,Aigneis.Mayeda@yopmail.com,worker
923,Barbara,Paine,Barbara.Paine@yopmail.com,firefighter
924,Maurene,Duwalt,Maurene.Duwalt@yopmail.com,doctor
925,Helena,Erminia,Helena.Erminia@yopmail.com,developer
926,Kimberley,Guildroy,Kimberley.Guildroy@yopmail.com,doctor
927,Sharlene,Bouchard,Sharlene.Bouchard@yopmail.com,doctor
928,Priscilla,Noelyn,Priscilla.Noelyn@yopmail.com,worker
929,Selma,Corabella,Selma.Corabella@yopmail.com,developer
930,Regina,Myrilla,Regina.Myrilla@yopmail.com,doctor
931,Emilia,Camden,Emilia.Camden@yopmail.com,worker
932,Joelly,Lalitta,Joelly.Lalitta@yopmail.com,doctor
933,Carol-Jean,Maroney,Carol-Jean.Maroney@yopmail.com,developer
934,Margalo,Pozzy,Margalo.Pozzy@yopmail.com,worker
935,Alameda,Vale,Alameda.Vale@yopmail.com,firefighter
936,Emilia,Thar,Emilia.Thar@yopmail.com,worker
937,Consuela,Burkle,Consuela.Burkle@yopmail.com,police officer
938,Angela,Egbert,Angela.Egbert@yopmail.com,firefighter
939,Joeann,Edee,Joeann.Edee@yopmail.com,worker
940,Latisha,Willie,Latisha.Willie@yopmail.com,doctor
941,Nessie,Bury,Nessie.Bury@yopmail.com,developer
942,Mariele,Genna,Mariele.Genna@yopmail.com,doctor
943,Maud,Korey,Maud.Korey@yopmail.com,police officer
944,Anthia,Hieronymus,Anthia.Hieronymus@yopmail.com,doctor
945,Hollie,Lissi,Hollie.Lissi@yopmail.com,worker
946,Clary,Corrine,Clary.Corrine@yopmail.com,firefighter
947,Fredericka,Cottle,Fredericka.Cottle@yopmail.com,worker
948,Emilia,Wyn,Emilia.Wyn@yopmail.com,police officer
949,Quintina,Mauer,Quintina.Mauer@yopmail.com,worker
950,Dyann,Leifeste,Dyann.Leifeste@yopmail.com,doctor
951,Aurelie,Newell,Aurelie.Newell@yopmail.com,worker
952,Merry,Nea,Merry.Nea@yopmail.com,worker
953,Kristina,Pandolfi,Kristina.Pandolfi@yopmail.com,developer
954,Deirdre,Joli,Deirdre.Joli@yopmail.com,doctor
955,Amii,Loleta,Amii.Loleta@yopmail.com,doctor
956,Lisette,Smitt,Lisette.Smitt@yopmail.com,police officer
957,Daphne,Middleton,Daphne.Middleton@yopmail.com,firefighter
958,Flo,Dannye,Flo.Dannye@yopmail.com,police officer
959,Margalo,MacIntosh,Margalo.MacIntosh@yopmail.com,firefighter
960,Ekaterina,Ciro,Ekaterina.Ciro@yopmail.com,firefighter
961,Gabriellia,Friede,Gabriellia.Friede@yopmail.com,doctor
962,Deloria,Melan,Deloria.Melan@yopmail.com,developer
963,Lizzie,Kaja,Lizzie.Kaja@yopmail.com,doctor
964,Etta,Willie,Etta.Willie@yopmail.com,doctor
965,Roberta,Deegan,Roberta.Deegan@yopmail.com,doctor
966,Dorice,Yorick,Dorice.Yorick@yopmail.com,firefighter
967,Sindee,Pernick,Sindee.Pernick@yopmail.com,police officer
968,Gianina,Cimbura,Gianina.Cimbura@yopmail.com,firefighter
969,Nita,Pauly,Nita.Pauly@yopmail.com,developer
970,Phedra,Sigfrid,Phedra.Sigfrid@yopmail.com,developer
971,Edee,Dannye,Edee.Dannye@yopmail.com,developer
972,Hildegaard,Monaco,Hildegaard.Monaco@yopmail.com,firefighter
973,Paule,Brittani,Paule.Brittani@yopmail.com,developer
974,Myriam,Sidonius,Myriam.Sidonius@yopmail.com,developer
975,Helena,Even,Helena.Even@yopmail.com,worker
976,Madeleine,Silvan,Madeleine.Silvan@yopmail.com,developer
977,Norine,Malvino,Norine.Malvino@yopmail.com,firefighter
978,Caryl,Lay,Caryl.Lay@yopmail.com,firefighter
979,Kaia,Seligman,Kaia.Seligman@yopmail.com,developer
980,Kelly,Roarke,Kelly.Roarke@yopmail.com,police officer
981,Kathy,Brenn,Kathy.Brenn@yopmail.com,worker
982,Yolane,Rese,Yolane.Rese@yopmail.com,worker
983,Kayla,Tice,Kayla.Tice@yopmail.com,firefighter
984,Genovera,Cadmar,Genovera.Cadmar@yopmail.com,worker
985,Beatriz,Cookie,Beatriz.Cookie@yopmail.com,police officer
986,Nelle,Wooster,Nelle.Wooster@yopmail.com,police officer
987,Michaelina,Alva,Michaelina.Alva@yopmail.com,doctor
988,Inga,Bashemeth,Inga.Bashemeth@yopmail.com,firefighter
989,Fina,Raimondo,Fina.Raimondo@yopmail.com,police officer
990,Goldie,Alfons,Goldie.Alfons@yopmail.com,police officer
991,Agnese,Old,Agnese.Old@yopmail.com,worker
992,Halette,Tamar,Halette.Tamar@yopmail.com,developer
993,Daune,Garek,Daune.Garek@yopmail.com,worker
994,Maurene,Suzetta,Maurene.Suzetta@yopmail.com,worker
995,Corene,Gombach,Corene.Gombach@yopmail.com,firefighter
996,Dorice,Pelagias,Dorice.Pelagias@yopmail.com,developer
997,Eadie,Socha,Eadie.Socha@yopmail.com,police officer
998,Claudina,Letsou,Claudina.Letsou@yopmail.com,developer
999,Ira,Burnside,Ira.Burnside@yopmail.com,police officer
1000,Alameda,Rugen,Alameda.Rugen@yopmail.com,developer
1001,Ardeen,Jefferey,Ardeen.Jefferey@yopmail.com,worker
1002,Farrah,Denis,Farrah.Denis@yopmail.com,worker
1003,Quintina,Judye,Quintina.Judye@yopmail.com,firefighter
1004,Britte,Posner,Britte.Posner@yopmail.com,police officer
1005,Gwenneth,Jacobah,Gwenneth.Jacobah@yopmail.com,firefighter
1006,Dagmar,Louanna,Dagmar.Louanna@yopmail.com,worker
1007,Cyb,Etom,Cyb.Etom@yopmail.com,doctor
1008,Minda,Kaja,Minda.Kaja@yopmail.com,firefighter
1009,Ofilia,Vacuva,Ofilia.Vacuva@yopmail.com,firefighter
1010,Violet,Sigfrid,Violet.Sigfrid@yopmail.com,developer
1011,Margarette,Standing,Margarette.Standing@yopmail.com,worker
1012,Betta,Tufts,Betta.Tufts@yopmail.com,police officer
1013,Nariko,Clarissa,Nariko.Clarissa@yopmail.com,firefighter
1014,Odessa,Cadmar,Odessa.Cadmar@yopmail.com,police officer
1015,Fawne,Wareing,Fawne.Wareing@yopmail.com,firefighter
1016,Viki,Narton,Viki.Narton@yopmail.com,doctor
1017,Gilligan,Terrence,Gilligan.Terrence@yopmail.com,firefighter
1018,Moyna,Newell,Moyna.Newell@yopmail.com,worker
1019,Steffane,Burnside,Steffane.Burnside@yopmail.com,worker
1020,Asia,Brieta,Asia.Brieta@yopmail.com,doctor
1021,Dari,Gillan,Dari.Gillan@yopmail.com,worker
1022,Beverley,Delacourt,Beverley.Delacourt@yopmail.com,worker
1023,Bill,Anderea,Bill.Anderea@yopmail.com,firefighter
1024,Paule,Kussell,Paule.Kussell@yopmail.com,developer
1025,Sarette,Natica,Sarette.Natica@yopmail.com,police officer
1026,Basia,Lucienne,Basia.Lucienne@yopmail.com,doctor
1027,Nicoli,Rossner,Nicoli.Rossner@yopmail.com,firefighter
1028,Dale,Plato,Dale.Plato@yopmail.com,developer
1029,Lisette,Darian,Lisette.Darian@yopmail.com,doctor
1030,Clary,Magnolia,Clary.Magnolia@yopmail.com,developer
1031,Annice,Bennie,Annice.Bennie@yopmail.com,developer
1032,Kamilah,Burch,Kamilah.Burch@yopmail.com,worker
1033,Marline,Roscoe,Marline.Roscoe@yopmail.com,police officer
1034,Ashlee,Leifeste,Ashlee.Leifeste@yopmail.com,firefighter
1035,Justinn,Cimbura,Justinn.Cimbura@yopmail.com,doctor
1036,Arabel,Raychel,Arabel.Raychel@yopmail.com,firefighter
1037,Stacey,Bennie,Stacey.Bennie@yopmail.com,doctor
1038,Leia,Lia,Leia.Lia@yopmail.com,worker
1039,Selia,Nester,Selia.Nester@yopmail.com,worker
1040,Nikki,Kristi,Nikki.Kristi@yopmail.com,doctor
1041,Kaia,Bonilla,Kaia.Bonilla@yopmail.com,doctor
1042,Lenna,Christal,Lenna.Christal@yopmail.com,police officer
1043,Deane,Oscar,Deane.Oscar@yopmail.com,firefighter
1044,Randa,Maples,Randa.Maples@yopmail.com,firefighter
1045,Thalia,Hurley,Thalia.Hurley@yopmail.com,developer
1046,Albertina,Wittie,Albertina.Wittie@yopmail.com,doctor
1047,Allis,Yoko,Allis.Yoko@yopmail.com,worker
1048,Lila,Zaslow,Lila.Zaslow@yopmail.com,doctor
1049,Clarice,Iaverne,Clarice.Iaverne@yopmail.com,firefighter
1050,Margalo,Astra,Margalo.Astra@yopmail.com,doctor
1051,Carmencita,Hazlett,Carmencita.Hazlett@yopmail.com,firefighter
1052,Teriann,Eben,Teriann.Eben@yopmail.com,developer
1053,Adore,Iaverne,Adore.Iaverne@yopmail.com,doctor
1054,Catrina,Jacqui,Catrina.Jacqui@yopmail.com,doctor
1055,Zia,Harned,Zia.Harned@yopmail.com,firefighter
1056,Raina,Bahr,Raina.Bahr@yopmail.com,doctor
1057,Frank,Suanne,Frank.Suanne@yopmail.com,firefighter
1058,Katleen,Hazlett,Katleen.Hazlett@yopmail.com,developer
1059,Nannie,Bendick,Nannie.Bendick@yopmail.com,developer
1060,Nita,Ries,Nita.Ries@yopmail.com,doctor
1061,Noelle,Luhe,Noelle.Luhe@yopmail.com,police officer
1062,Gusella,Felizio,Gusella.Felizio@yopmail.com,firefighter
1063,Elmira,Rosette,Elmira.Rosette@yopmail.com,firefighter
1064,Sidoney,Gabrielli,Sidoney.Gabrielli@yopmail.com,firefighter
1065,Grier,Telfer,Grier.Telfer@yopmail.com,firefighter
1066,Hannis,Pozzy,Hannis.Pozzy@yopmail.com,worker
1067,Rori,Iaverne,Rori.Iaverne@yopmail.com,doctor
1068,Annice,Barrus,Annice.Barrus@yopmail.com,police officer
1069,Evaleen,Capello,Evaleen.Capello@yopmail.com,police officer
1070,Josephine,Eiser,Josephine.Eiser@yopmail.com,police officer
1071,Jerry,Ax,Jerry.Ax@yopmail.com,firefighter
1072,Brandise,Kaete,Brandise.Kaete@yopmail.com,worker
1073,Ernesta,Kendrick,Ernesta.Kendrick@yopmail.com,firefighter
1074,Ermengarde,Leary,Ermengarde.Leary@yopmail.com,worker
1075,Odessa,Croix,Odessa.Croix@yopmail.com,worker
1076,Heddie,Ahab,Heddie.Ahab@yopmail.com,police officer
1077,Selia,Dominy,Selia.Dominy@yopmail.com,police officer
1078,Cecile,Bettine,Cecile.Bettine@yopmail.com,doctor
1079,Marline,Sisile,Marline.Sisile@yopmail.com,developer
1080,Ashlee,Kathie,Ashlee.Kathie@yopmail.com,developer
1081,Dede,Allys,Dede.Allys@yopmail.com,police officer
1082,Berget,Eckblad,Berget.Eckblad@yopmail.com,developer
1083,Dulce,Bartlett,Dulce.Bartlett@yopmail.com,developer
1084,Correy,Hurley,Correy.Hurley@yopmail.com,worker
1085,Lucille,Karylin,Lucille.Karylin@yopmail.com,police officer
1086,Gilda,Simmonds,Gilda.Simmonds@yopmail.com,firefighter
1087,Letizia,Brackely,Letizia.Brackely@yopmail.com,police officer
1088,Emylee,Chauncey,Emylee.Chauncey@yopmail.com,firefighter
1089,Elyssa,Atonsah,Elyssa.Atonsah@yopmail.com,doctor
1090,Jennica,O'Carroll,Jennica.O'Carroll@yopmail.com,firefighter
1091,Shaylyn,Old,Shaylyn.Old@yopmail.com,worker
1092,Tabbatha,Pitt,Tabbatha.Pitt@yopmail.com,developer
1093,Darlleen,Anastatius,Darlleen.Anastatius@yopmail.com,worker
1094,Maryellen,Alwin,Maryellen.Alwin@yopmail.com,doctor
1095,Jolyn,Grimbly,Jolyn.Grimbly@yopmail.com,developer
1096,Shaylyn,Felizio,Shaylyn.Felizio@yopmail.com,worker
1097,Corene,Silvan,Corene.Silvan@yopmail.com,doctor
1098,Queenie,Gabrielli,Queenie.Gabrielli@yopmail.com,developer
1099,Madalyn,Frendel,Madalyn.Frendel@yopmail.com,doctor